{"stats":{"minecraft:used":{"minecraft:oak_fence":11,"minecraft:peony":6,"minecraft:moss_block":15,"minecraft:purpur_block":43,"minecraft:trident":10,"minecraft:orange_concrete_powder":27,"minecraft:rose_bush":2,"minecraft:enchanting_table":9,"minecraft:acacia_log":1,"minecraft:polished_deepslate":101,"minecraft:orange_concrete":334,"minecraft:armor_stand":3,"minecraft:polished_blackstone":14,"minecraft:red_concrete":658,"minecraft:spruce_slab":60,"minecraft:redstone":38,"minecraft:oak_sign":265,"minecraft:light_blue_terracotta":25,"minecraft:white_concrete_powder":1,"minecraft:spruce_planks":1137,"minecraft:white_terracotta":28,"minecraft:brown_concrete":243,"minecraft:green_terracotta":56,"minecraft:netherrack":60,"minecraft:debug_stick":24,"minecraft:spruce_leaves":1,"minecraft:anvil":9,"minecraft:target":1,"minecraft:nether_bricks":33,"minecraft:orange_wool":2531,"minecraft:acacia_button":16,"minecraft:tuff":75,"minecraft:light_blue_stained_glass":43,"minecraft:spruce_fence":30,"minecraft:blue_concrete":267,"minecraft:stripped_spruce_log":5,"minecraft:obsidian":84,"minecraft:polished_deepslate_stairs":25,"minecraft:glass":27,"minecraft:brown_terracotta":45,"minecraft:bookshelf":52,"minecraft:quartz_pillar":30,"minecraft:yellow_stained_glass":12,"minecraft:red_wool":150,"minecraft:grass_block":61,"minecraft:iron_block":99,"minecraft:panda_spawn_egg":5,"minecraft:spruce_button":3,"minecraft:smooth_sandstone":113,"minecraft:green_wool":26,"minecraft:raw_gold_block":44,"minecraft:crimson_planks":18,"minecraft:stone_bricks":13,"minecraft:bamboo":8,"minecraft:blaze_spawn_egg":1,"minecraft:light_gray_wool":117,"minecraft:birch_button":2,"minecraft:tripwire_hook":12,"minecraft:purple_concrete":298,"minecraft:repeater":173,"minecraft:redstone_lamp":3,"minecraft:lime_concrete":177,"minecraft:hay_block":5,"minecraft:magenta_terracotta":47,"minecraft:white_stained_glass_pane":51,"minecraft:red_dye":1,"minecraft:orange_terracotta":71,"minecraft:brown_concrete_powder":30,"minecraft:stripped_spruce_wood":56,"minecraft:calcite":92,"minecraft:water_bucket":6,"minecraft:end_rod":18,"minecraft:end_stone_bricks":2,"minecraft:amethyst_block":78,"minecraft:birch_planks":65,"minecraft:stripped_birch_log":41,"minecraft:oak_planks":1212,"minecraft:blue_wool":39,"minecraft:copper_block":11,"minecraft:blackstone":5,"minecraft:ender_pearl":9,"minecraft:sandstone":12,"minecraft:redstone_block":202,"minecraft:white_dye":11,"minecraft:sugar_cane":3,"minecraft:glow_ink_sac":13,"minecraft:white_wool":290,"minecraft:pink_concrete":312,"minecraft:polished_deepslate_slab":4,"minecraft:diamond_block":41,"minecraft:blue_dye":1,"minecraft:rail":7,"minecraft:light_blue_concrete":260,"minecraft:light_blue_wool":42,"minecraft:yellow_concrete":529,"minecraft:dripstone_block":22,"minecraft:gray_concrete":1355,"minecraft:black_concrete_powder":2,"minecraft:end_stone":56,"minecraft:spruce_log":232,"minecraft:purple_concrete_powder":5,"minecraft:black_terracotta":124,"minecraft:piston":1,"minecraft:netherite_block":20,"minecraft:green_concrete":133,"minecraft:lever":4,"minecraft:yellow_dye":1,"minecraft:light":79,"minecraft:cornflower":1,"minecraft:black_concrete":747,"minecraft:birch_slab":19,"minecraft:command_block":236,"minecraft:light_gray_concrete":104,"minecraft:string":10,"minecraft:brown_wool":37,"minecraft:oak_button":2,"minecraft:stone_button":40,"minecraft:cyan_concrete":22,"minecraft:magenta_concrete":163,"minecraft:red_terracotta":57,"minecraft:spruce_trapdoor":23,"minecraft:yellow_wool":172,"minecraft:coal_block":42,"minecraft:light_blue_concrete_powder":16,"minecraft:red_concrete_powder":344,"minecraft:white_stained_glass":43,"minecraft:green_concrete_powder":16,"minecraft:chain_command_block":782,"minecraft:chain":14,"minecraft:repeating_command_block":6,"minecraft:oak_boat":1,"minecraft:white_concrete":695,"minecraft:gray_wool":21,"minecraft:warped_button":1,"minecraft:smooth_stone":11,"minecraft:purple_wool":22},"minecraft:killed":{"minecraft:panda":3,"minecraft:blaze":1},"minecraft:custom":{"minecraft:mob_kills":4,"minecraft:leave_game":21,"minecraft:time_since_death":2112977,"minecraft:sprint_one_cm":843772,"minecraft:walk_one_cm":952223,"minecraft:drop":345,"minecraft:play_time":2112977,"minecraft:sneak_time":52538,"minecraft:jump":8976,"minecraft:total_world_time":2155095,"minecraft:time_since_rest":2112977,"minecraft:fly_one_cm":8397491,"minecraft:crouch_one_cm":81638},"minecraft:dropped":{"minecraft:birch_planks":3,"minecraft:moss_block":1,"minecraft:red_concrete_powder":9,"minecraft:glow_ink_sac":64,"minecraft:polished_blackstone":1,"minecraft:bookshelf":1,"minecraft:dripstone_block":1,"minecraft:yellow_concrete":79,"minecraft:purple_concrete":7,"minecraft:amethyst_block":4,"minecraft:red_wool":2,"minecraft:command_block":1,"minecraft:light_blue_concrete_powder":1,"minecraft:birch_slab":1,"minecraft:raw_gold_block":1,"minecraft:coal_block":2,"minecraft:end_rod":1,"minecraft:iron_block":2,"minecraft:gray_concrete":10,"minecraft:brown_concrete_powder":1,"minecraft:panda_spawn_egg":1,"minecraft:gray_wool":1,"minecraft:light_blue_stained_glass":1,"minecraft:light_blue_wool":2,"minecraft:repeater":4,"minecraft:wooden_axe":1,"minecraft:white_concrete":86,"minecraft:brown_wool":1,"minecraft:stripped_birch_log":1,"minecraft:brown_terracotta":1,"minecraft:chain":1,"minecraft:orange_concrete_powder":1,"minecraft:purple_wool":2,"minecraft:smooth_stone":1,"minecraft:black_concrete":86,"minecraft:string":2,"minecraft:smooth_sandstone":4,"minecraft:tripwire_hook":2,"minecraft:white_wool":6,"minecraft:redstone_block":522,"minecraft:green_wool":1,"minecraft:pink_concrete":9,"minecraft:red_concrete":144,"minecraft:purpur_block":1,"minecraft:diamond_block":2,"minecraft:green_terracotta":2,"minecraft:lime_concrete":70,"minecraft:tuff":1,"minecraft:yellow_wool":2,"minecraft:obsidian":2,"minecraft:orange_concrete":72,"minecraft:black_terracotta":1,"minecraft:light_gray_wool":5,"minecraft:oak_planks":66,"minecraft:yellow_stained_glass":1,"minecraft:blue_concrete":8,"minecraft:end_stone":3,"minecraft:green_concrete":4,"minecraft:light_gray_concrete":3,"minecraft:white_terracotta":1,"minecraft:magenta_concrete":4,"minecraft:debug_stick":3,"minecraft:light_blue_concrete":74,"minecraft:orange_wool":82,"minecraft:nether_bricks":1,"minecraft:oak_sign":1,"minecraft:polished_deepslate_stairs":1,"minecraft:red_terracotta":1,"minecraft:trident":1,"minecraft:orange_terracotta":2,"minecraft:spruce_planks":9,"minecraft:netherite_block":1,"minecraft:oak_boat":1,"minecraft:acacia_sapling":1,"minecraft:stone_bricks":2,"minecraft:spruce_log":1,"minecraft:white_dye":64,"minecraft:sandstone":3,"minecraft:cyan_concrete":1,"minecraft:green_concrete_powder":1,"minecraft:chain_command_block":4,"minecraft:light_blue_terracotta":1,"minecraft:calcite":4,"minecraft:white_stained_glass":1,"minecraft:netherrack":1,"minecraft:enchanting_table":1,"minecraft:magenta_terracotta":2,"minecraft:brown_concrete":6},"minecraft:picked_up":{"minecraft:amethyst_block":1,"minecraft:string":1,"minecraft:orange_concrete":1,"minecraft:oak_sign":14,"minecraft:spruce_planks":2,"minecraft:calcite":1,"minecraft:light_gray_wool":1,"minecraft:stone_button":8,"minecraft:white_wool":1,"minecraft:tripwire_hook":10,"minecraft:gray_concrete":3,"minecraft:stone_bricks":1,"minecraft:bamboo":3,"minecraft:acacia_sapling":1,"minecraft:red_concrete_powder":1,"minecraft:yellow_concrete":1,"minecraft:spruce_log":1,"minecraft:orange_wool":1,"minecraft:light_gray_concrete":1,"minecraft:black_concrete":2,"minecraft:white_concrete":2,"minecraft:red_concrete":1}},"DataVersion":3578}