{"ICOIORRCCHOHRHORHHRORROOH":{"OHHRHCORCHHHROCCCRCRHOCHO":true,"RHIOCCHCHCOOCCIRIIRCHRIHH":false,"port":57228,"HRIRHHIHHRIRHHRIOIRIHHRCI":"Survival","COHRRIIHCIOIICHHHHOIHHHHO":"Peaceful","HCHICOHOIRICOICIRRCCHIIII":"InviteOnly","HORCOIRROORRHHIHCCICIRHCH":"InviteOnly","HRIHHHIOOORRCCCCOHCIRHOHH":false,"RIIOCRCICIOHICICCORCHHHOH":8},"IHCRRIROOCORRHIROIRRHIOOH":[{"RCHRHHOCOCRHCIRRCRCRCRICI":"FlaxyB","RIOHCRCCCOOORHROHHRCICRRC":"4525d86d-feec-4ec1-b387-f7751a532e46","CHIRHCHCRIIHOROCRHICRHIHR":1700324152940,"ROIOCRHRIRRCRIHCIOCROHHCI":true}],"RRCRHCIROIHRIHOOHCHOIOCRO":[]}